year,team_name,team_code,performance,ccs,ccs_source_years,prior_windows,source,evaluable
1930,Argentina,ARG,final,0,,,Fjelstul qualified_teams.csv; prior two knockout-path World Cups,0
1930,Belgium,BEL,group stage,0,,,Fjelstul qualified_teams.csv; prior two knockout-path World Cups,0
1930,Bolivia,BOL,group stage,0,,,Fjelstul qualified_teams.csv; prior two knockout-path World Cups,0
1930,Brazil,BRA,group stage,0,,,Fjelstul qualified_teams.csv; prior two knockout-path World Cups,0
1930,Chile,CHL,group stage,0,,,Fjelstul qualified_teams.csv; prior two knockout-path World Cups,0
1930,France,FRA,group stage,0,,,Fjelstul qualified_teams.csv; prior two knockout-path World Cups,0
1930,Mexico,MEX,group stage,0,,,Fjelstul qualified_teams.csv; prior two knockout-path World Cups,0
1930,Paraguay,PRY,group stage,0,,,Fjelstul qualified_teams.csv; prior two knockout-path World Cups,0
1930,Peru,PER,group stage,0,,,Fjelstul qualified_teams.csv; prior two knockout-path World Cups,0
1930,Romania,ROU,group stage,0,,,Fjelstul qualified_teams.csv; prior two knockout-path World Cups,0
1930,USA,USA,semi-finals,0,,,Fjelstul qualified_teams.csv; prior two knockout-path World Cups,0
1930,Uruguay,URY,final,0,,,Fjelstul qualified_teams.csv; prior two knockout-path World Cups,0
1930,Yugoslavia,YUG,semi-finals,0,,,Fjelstul qualified_teams.csv; prior two knockout-path World Cups,0
1934,Argentina,ARG,round of 16,1,1930,1930,Fjelstul qualified_teams.csv; prior two knockout-path World Cups,0
1934,Austria,AUT,third-place match,0,,1930,Fjelstul qualified_teams.csv; prior two knockout-path World Cups,0
1934,Belgium,BEL,round of 16,0,,1930,Fjelstul qualified_teams.csv; prior two knockout-path World Cups,0
1934,Brazil,BRA,round of 16,0,,1930,Fjelstul qualified_teams.csv; prior two knockout-path World Cups,0
1934,Czechoslovakia,CSK,final,0,,1930,Fjelstul qualified_teams.csv; prior two knockout-path World Cups,0
1934,Egypt,EGY,round of 16,0,,1930,Fjelstul qualified_teams.csv; prior two knockout-path World Cups,0
1934,France,FRA,round of 16,0,,1930,Fjelstul qualified_teams.csv; prior two knockout-path World Cups,0
1934,Germany,DEU,third-place match,0,,1930,Fjelstul qualified_teams.csv; prior two knockout-path World Cups,0
1934,Hungary,HUN,quarter-finals,0,,1930,Fjelstul qualified_teams.csv; prior two knockout-path World Cups,0
1934,Italy,ITA,final,0,,1930,Fjelstul qualified_teams.csv; prior two knockout-path World Cups,0
1934,Netherlands,NLD,round of 16,0,,1930,Fjelstul qualified_teams.csv; prior two knockout-path World Cups,0
1934,Romania,ROU,round of 16,0,,1930,Fjelstul qualified_teams.csv; prior two knockout-path World Cups,0
1934,Spain,ESP,quarter-finals,0,,1930,Fjelstul qualified_teams.csv; prior two knockout-path World Cups,0
1934,Sweden,SWE,quarter-finals,0,,1930,Fjelstul qualified_teams.csv; prior two knockout-path World Cups,0
1934,Switzerland,CHE,quarter-finals,0,,1930,Fjelstul qualified_teams.csv; prior two knockout-path World Cups,0
1934,USA,USA,round of 16,1,1930,1930,Fjelstul qualified_teams.csv; prior two knockout-path World Cups,0
1938,Belgium,BEL,round of 16,0,,1930;1934,Fjelstul qualified_teams.csv; prior two knockout-path World Cups,1
1938,Brazil,BRA,third-place match,0,,1930;1934,Fjelstul qualified_teams.csv; prior two knockout-path World Cups,1
1938,Cuba,CUB,quarter-finals,0,,1930;1934,Fjelstul qualified_teams.csv; prior two knockout-path World Cups,1
1938,Czechoslovakia,CSK,quarter-finals,1,1934,1930;1934,Fjelstul qualified_teams.csv; prior two knockout-path World Cups,1
1938,Dutch East Indies,IDN,round of 16,0,,1930;1934,Fjelstul qualified_teams.csv; prior two knockout-path World Cups,1
1938,France,FRA,quarter-finals,0,,1930;1934,Fjelstul qualified_teams.csv; prior two knockout-path World Cups,1
1938,Germany,DEU,round of 16,1,1934,1930;1934,Fjelstul qualified_teams.csv; prior two knockout-path World Cups,1
1938,Hungary,HUN,final,0,,1930;1934,Fjelstul qualified_teams.csv; prior two knockout-path World Cups,1
1938,Italy,ITA,final,1,1934,1930;1934,Fjelstul qualified_teams.csv; prior two knockout-path World Cups,1
1938,Netherlands,NLD,round of 16,0,,1930;1934,Fjelstul qualified_teams.csv; prior two knockout-path World Cups,1
1938,Norway,NOR,round of 16,0,,1930;1934,Fjelstul qualified_teams.csv; prior two knockout-path World Cups,1
1938,Poland,POL,round of 16,0,,1930;1934,Fjelstul qualified_teams.csv; prior two knockout-path World Cups,1
1938,Romania,ROU,round of 16,1,1934,1930;1934,Fjelstul qualified_teams.csv; prior two knockout-path World Cups,1
1938,Sweden,SWE,third-place match,0,,1930;1934,Fjelstul qualified_teams.csv; prior two knockout-path World Cups,1
1938,Switzerland,CHE,quarter-finals,1,1934,1930;1934,Fjelstul qualified_teams.csv; prior two knockout-path World Cups,1
1954,Austria,AUT,third-place match,1,1934,1934;1938,Fjelstul qualified_teams.csv; prior two knockout-path World Cups,1
1954,Belgium,BEL,group stage,0,,1934;1938,Fjelstul qualified_teams.csv; prior two knockout-path World Cups,1
1954,Brazil,BRA,quarter-finals,1,1938,1934;1938,Fjelstul qualified_teams.csv; prior two knockout-path World Cups,1
1954,Czechoslovakia,CSK,group stage,1,1934,1934;1938,Fjelstul qualified_teams.csv; prior two knockout-path World Cups,1
1954,England,ENG,quarter-finals,0,,1934;1938,Fjelstul qualified_teams.csv; prior two knockout-path World Cups,1
1954,France,FRA,group stage,1,1938,1934;1938,Fjelstul qualified_teams.csv; prior two knockout-path World Cups,1
1954,Hungary,HUN,final,1,1938,1934;1938,Fjelstul qualified_teams.csv; prior two knockout-path World Cups,1
1954,Italy,ITA,group stage,1,1934;1938,1934;1938,Fjelstul qualified_teams.csv; prior two knockout-path World Cups,1
1954,Mexico,MEX,group stage,0,,1934;1938,Fjelstul qualified_teams.csv; prior two knockout-path World Cups,1
1954,Scotland,SCO,group stage,0,,1934;1938,Fjelstul qualified_teams.csv; prior two knockout-path World Cups,1
1954,South Korea,KOR,group stage,0,,1934;1938,Fjelstul qualified_teams.csv; prior two knockout-path World Cups,1
1954,Switzerland,CHE,quarter-finals,1,1934;1938,1934;1938,Fjelstul qualified_teams.csv; prior two knockout-path World Cups,1
1954,Turkey,TUR,group stage,0,,1934;1938,Fjelstul qualified_teams.csv; prior two knockout-path World Cups,1
1954,Uruguay,URY,third-place match,0,,1934;1938,Fjelstul qualified_teams.csv; prior two knockout-path World Cups,1
1954,Germany,DEU,final,1,1934,1934;1938,Fjelstul qualified_teams.csv; prior two knockout-path World Cups,1
1954,Yugoslavia,YUG,quarter-finals,0,,1934;1938,Fjelstul qualified_teams.csv; prior two knockout-path World Cups,1
1958,Argentina,ARG,group stage,0,,1938;1954,Fjelstul qualified_teams.csv; prior two knockout-path World Cups,1
1958,Austria,AUT,group stage,1,1954,1938;1954,Fjelstul qualified_teams.csv; prior two knockout-path World Cups,1
1958,Brazil,BRA,final,1,1938;1954,1938;1954,Fjelstul qualified_teams.csv; prior two knockout-path World Cups,1
1958,Czechoslovakia,CSK,group stage,0,,1938;1954,Fjelstul qualified_teams.csv; prior two knockout-path World Cups,1
1958,England,ENG,group stage,0,,1938;1954,Fjelstul qualified_teams.csv; prior two knockout-path World Cups,1
1958,France,FRA,third-place match,1,1938,1938;1954,Fjelstul qualified_teams.csv; prior two knockout-path World Cups,1
1958,Hungary,HUN,group stage,1,1938;1954,1938;1954,Fjelstul qualified_teams.csv; prior two knockout-path World Cups,1
1958,Mexico,MEX,group stage,0,,1938;1954,Fjelstul qualified_teams.csv; prior two knockout-path World Cups,1
1958,Northern Ireland,NIR,quarter-finals,0,,1938;1954,Fjelstul qualified_teams.csv; prior two knockout-path World Cups,1
1958,Paraguay,PRY,group stage,0,,1938;1954,Fjelstul qualified_teams.csv; prior two knockout-path World Cups,1
1958,Scotland,SCO,group stage,0,,1938;1954,Fjelstul qualified_teams.csv; prior two knockout-path World Cups,1
1958,Soviet Union,SUN,quarter-finals,0,,1938;1954,Fjelstul qualified_teams.csv; prior two knockout-path World Cups,1
1958,Sweden,SWE,final,1,1938,1938;1954,Fjelstul qualified_teams.csv; prior two knockout-path World Cups,1
1958,Wales,WAL,quarter-finals,0,,1938;1954,Fjelstul qualified_teams.csv; prior two knockout-path World Cups,1
1958,Germany,DEU,third-place match,1,1954,1938;1954,Fjelstul qualified_teams.csv; prior two knockout-path World Cups,1
1958,Yugoslavia,YUG,quarter-finals,1,1954,1938;1954,Fjelstul qualified_teams.csv; prior two knockout-path World Cups,1
1962,Argentina,ARG,group stage,0,,1954;1958,Fjelstul qualified_teams.csv; prior two knockout-path World Cups,1
1962,Brazil,BRA,final,1,1954;1958,1954;1958,Fjelstul qualified_teams.csv; prior two knockout-path World Cups,1
1962,Bulgaria,BGR,group stage,0,,1954;1958,Fjelstul qualified_teams.csv; prior two knockout-path World Cups,1
1962,Chile,CHL,third-place match,0,,1954;1958,Fjelstul qualified_teams.csv; prior two knockout-path World Cups,1
1962,Colombia,COL,group stage,0,,1954;1958,Fjelstul qualified_teams.csv; prior two knockout-path World Cups,1
1962,Czechoslovakia,CSK,final,0,,1954;1958,Fjelstul qualified_teams.csv; prior two knockout-path World Cups,1
1962,England,ENG,quarter-finals,0,,1954;1958,Fjelstul qualified_teams.csv; prior two knockout-path World Cups,1
1962,Hungary,HUN,quarter-finals,1,1954,1954;1958,Fjelstul qualified_teams.csv; prior two knockout-path World Cups,1
1962,Italy,ITA,group stage,0,,1954;1958,Fjelstul qualified_teams.csv; prior two knockout-path World Cups,1
1962,Mexico,MEX,group stage,0,,1954;1958,Fjelstul qualified_teams.csv; prior two knockout-path World Cups,1
1962,Soviet Union,SUN,quarter-finals,1,1958,1954;1958,Fjelstul qualified_teams.csv; prior two knockout-path World Cups,1
1962,Spain,ESP,group stage,0,,1954;1958,Fjelstul qualified_teams.csv; prior two knockout-path World Cups,1
1962,Switzerland,CHE,group stage,0,,1954;1958,Fjelstul qualified_teams.csv; prior two knockout-path World Cups,1
1962,Uruguay,URY,group stage,1,1954,1954;1958,Fjelstul qualified_teams.csv; prior two knockout-path World Cups,1
1962,Germany,DEU,quarter-finals,1,1954;1958,1954;1958,Fjelstul qualified_teams.csv; prior two knockout-path World Cups,1
1962,Yugoslavia,YUG,third-place match,1,1954,1954;1958,Fjelstul qualified_teams.csv; prior two knockout-path World Cups,1
1966,Argentina,ARG,quarter-finals,0,,1958;1962,Fjelstul qualified_teams.csv; prior two knockout-path World Cups,1
1966,Brazil,BRA,group stage,1,1958;1962,1958;1962,Fjelstul qualified_teams.csv; prior two knockout-path World Cups,1
1966,Bulgaria,BGR,group stage,0,,1958;1962,Fjelstul qualified_teams.csv; prior two knockout-path World Cups,1
1966,Chile,CHL,group stage,1,1962,1958;1962,Fjelstul qualified_teams.csv; prior two knockout-path World Cups,1
1966,England,ENG,final,1,1962,1958;1962,Fjelstul qualified_teams.csv; prior two knockout-path World Cups,1
1966,France,FRA,group stage,1,1958,1958;1962,Fjelstul qualified_teams.csv; prior two knockout-path World Cups,1
1966,Hungary,HUN,quarter-finals,1,1962,1958;1962,Fjelstul qualified_teams.csv; prior two knockout-path World Cups,1
1966,Italy,ITA,group stage,0,,1958;1962,Fjelstul qualified_teams.csv; prior two knockout-path World Cups,1
1966,Mexico,MEX,group stage,0,,1958;1962,Fjelstul qualified_teams.csv; prior two knockout-path World Cups,1
1966,North Korea,PRK,quarter-finals,0,,1958;1962,Fjelstul qualified_teams.csv; prior two knockout-path World Cups,1
1966,Portugal,PRT,third-place match,0,,1958;1962,Fjelstul qualified_teams.csv; prior two knockout-path World Cups,1
1966,Soviet Union,SUN,third-place match,1,1958,1958;1962,Fjelstul qualified_teams.csv; prior two knockout-path World Cups,1
1966,Spain,ESP,group stage,0,,1958;1962,Fjelstul qualified_teams.csv; prior two knockout-path World Cups,1
1966,Switzerland,CHE,group stage,0,,1958;1962,Fjelstul qualified_teams.csv; prior two knockout-path World Cups,1
1966,Uruguay,URY,quarter-finals,0,,1958;1962,Fjelstul qualified_teams.csv; prior two knockout-path World Cups,1
1966,Germany,DEU,final,1,1958,1958;1962,Fjelstul qualified_teams.csv; prior two knockout-path World Cups,1
1970,Belgium,BEL,group stage,0,,1962;1966,Fjelstul qualified_teams.csv; prior two knockout-path World Cups,1
1970,Brazil,BRA,final,1,1962,1962;1966,Fjelstul qualified_teams.csv; prior two knockout-path World Cups,1
1970,Bulgaria,BGR,group stage,0,,1962;1966,Fjelstul qualified_teams.csv; prior two knockout-path World Cups,1
1970,Czechoslovakia,CSK,group stage,1,1962,1962;1966,Fjelstul qualified_teams.csv; prior two knockout-path World Cups,1
1970,El Salvador,SLV,group stage,0,,1962;1966,Fjelstul qualified_teams.csv; prior two knockout-path World Cups,1
1970,England,ENG,quarter-finals,1,1962;1966,1962;1966,Fjelstul qualified_teams.csv; prior two knockout-path World Cups,1
1970,Israel,ISR,group stage,0,,1962;1966,Fjelstul qualified_teams.csv; prior two knockout-path World Cups,1
1970,Italy,ITA,final,0,,1962;1966,Fjelstul qualified_teams.csv; prior two knockout-path World Cups,1
1970,Mexico,MEX,quarter-finals,0,,1962;1966,Fjelstul qualified_teams.csv; prior two knockout-path World Cups,1
1970,Morocco,MAR,group stage,0,,1962;1966,Fjelstul qualified_teams.csv; prior two knockout-path World Cups,1
1970,Peru,PER,quarter-finals,0,,1962;1966,Fjelstul qualified_teams.csv; prior two knockout-path World Cups,1
1970,Romania,ROU,group stage,0,,1962;1966,Fjelstul qualified_teams.csv; prior two knockout-path World Cups,1
1970,Soviet Union,SUN,quarter-finals,1,1966,1962;1966,Fjelstul qualified_teams.csv; prior two knockout-path World Cups,1
1970,Sweden,SWE,group stage,0,,1962;1966,Fjelstul qualified_teams.csv; prior two knockout-path World Cups,1
1970,Uruguay,URY,third-place match,1,1966,1962;1966,Fjelstul qualified_teams.csv; prior two knockout-path World Cups,1
1970,Germany,DEU,third-place match,1,1966,1962;1966,Fjelstul qualified_teams.csv; prior two knockout-path World Cups,1
1974,Argentina,ARG,second group stage,1,1966,1966;1970,Fjelstul qualified_teams.csv; prior two knockout-path World Cups,1
1974,Australia,AUS,group stage,0,,1966;1970,Fjelstul qualified_teams.csv; prior two knockout-path World Cups,1
1974,Brazil,BRA,third-place match,1,1970,1966;1970,Fjelstul qualified_teams.csv; prior two knockout-path World Cups,1
1974,Bulgaria,BGR,group stage,0,,1966;1970,Fjelstul qualified_teams.csv; prior two knockout-path World Cups,1
1974,Chile,CHL,group stage,0,,1966;1970,Fjelstul qualified_teams.csv; prior two knockout-path World Cups,1
1974,East Germany,DDR,second group stage,0,,1966;1970,Fjelstul qualified_teams.csv; prior two knockout-path World Cups,1
1974,Haiti,HTI,group stage,0,,1966;1970,Fjelstul qualified_teams.csv; prior two knockout-path World Cups,1
1974,Italy,ITA,group stage,1,1970,1966;1970,Fjelstul qualified_teams.csv; prior two knockout-path World Cups,1
1974,Netherlands,NLD,final,0,,1966;1970,Fjelstul qualified_teams.csv; prior two knockout-path World Cups,1
1974,Poland,POL,third-place match,0,,1966;1970,Fjelstul qualified_teams.csv; prior two knockout-path World Cups,1
1974,Scotland,SCO,group stage,0,,1966;1970,Fjelstul qualified_teams.csv; prior two knockout-path World Cups,1
1974,Sweden,SWE,second group stage,0,,1966;1970,Fjelstul qualified_teams.csv; prior two knockout-path World Cups,1
1974,Uruguay,URY,group stage,1,1966;1970,1966;1970,Fjelstul qualified_teams.csv; prior two knockout-path World Cups,1
1974,Germany,DEU,final,1,1966;1970,1966;1970,Fjelstul qualified_teams.csv; prior two knockout-path World Cups,1
1974,Yugoslavia,YUG,second group stage,0,,1966;1970,Fjelstul qualified_teams.csv; prior two knockout-path World Cups,1
1974,Zaire,COD,group stage,0,,1966;1970,Fjelstul qualified_teams.csv; prior two knockout-path World Cups,1
1978,Argentina,ARG,final,0,,1970;1974,Fjelstul qualified_teams.csv; prior two knockout-path World Cups,1
1978,Austria,AUT,second group stage,0,,1970;1974,Fjelstul qualified_teams.csv; prior two knockout-path World Cups,1
1978,Brazil,BRA,third-place match,1,1970,1970;1974,Fjelstul qualified_teams.csv; prior two knockout-path World Cups,1
1978,France,FRA,group stage,0,,1970;1974,Fjelstul qualified_teams.csv; prior two knockout-path World Cups,1
1978,Hungary,HUN,group stage,0,,1970;1974,Fjelstul qualified_teams.csv; prior two knockout-path World Cups,1
1978,Iran,IRN,group stage,0,,1970;1974,Fjelstul qualified_teams.csv; prior two knockout-path World Cups,1
1978,Italy,ITA,third-place match,1,1970,1970;1974,Fjelstul qualified_teams.csv; prior two knockout-path World Cups,1
1978,Mexico,MEX,group stage,1,1970,1970;1974,Fjelstul qualified_teams.csv; prior two knockout-path World Cups,1
1978,Netherlands,NLD,final,1,1974,1970;1974,Fjelstul qualified_teams.csv; prior two knockout-path World Cups,1
1978,Peru,PER,second group stage,1,1970,1970;1974,Fjelstul qualified_teams.csv; prior two knockout-path World Cups,1
1978,Poland,POL,second group stage,0,,1970;1974,Fjelstul qualified_teams.csv; prior two knockout-path World Cups,1
1978,Scotland,SCO,group stage,0,,1970;1974,Fjelstul qualified_teams.csv; prior two knockout-path World Cups,1
1978,Spain,ESP,group stage,0,,1970;1974,Fjelstul qualified_teams.csv; prior two knockout-path World Cups,1
1978,Sweden,SWE,group stage,0,,1970;1974,Fjelstul qualified_teams.csv; prior two knockout-path World Cups,1
1978,Tunisia,TUN,group stage,0,,1970;1974,Fjelstul qualified_teams.csv; prior two knockout-path World Cups,1
1978,Germany,DEU,second group stage,1,1970;1974,1970;1974,Fjelstul qualified_teams.csv; prior two knockout-path World Cups,1
1982,Algeria,DZA,group stage,0,,1974;1978,Fjelstul qualified_teams.csv; prior two knockout-path World Cups,1
1982,Argentina,ARG,second group stage,1,1978,1974;1978,Fjelstul qualified_teams.csv; prior two knockout-path World Cups,1
1982,Austria,AUT,second group stage,0,,1974;1978,Fjelstul qualified_teams.csv; prior two knockout-path World Cups,1
1982,Belgium,BEL,second group stage,0,,1974;1978,Fjelstul qualified_teams.csv; prior two knockout-path World Cups,1
1982,Brazil,BRA,second group stage,0,,1974;1978,Fjelstul qualified_teams.csv; prior two knockout-path World Cups,1
1982,Cameroon,CMR,group stage,0,,1974;1978,Fjelstul qualified_teams.csv; prior two knockout-path World Cups,1
1982,Chile,CHL,group stage,0,,1974;1978,Fjelstul qualified_teams.csv; prior two knockout-path World Cups,1
1982,Czechoslovakia,CSK,group stage,0,,1974;1978,Fjelstul qualified_teams.csv; prior two knockout-path World Cups,1
1982,El Salvador,SLV,group stage,0,,1974;1978,Fjelstul qualified_teams.csv; prior two knockout-path World Cups,1
1982,England,ENG,second group stage,0,,1974;1978,Fjelstul qualified_teams.csv; prior two knockout-path World Cups,1
1982,France,FRA,third-place match,0,,1974;1978,Fjelstul qualified_teams.csv; prior two knockout-path World Cups,1
1982,Honduras,HND,group stage,0,,1974;1978,Fjelstul qualified_teams.csv; prior two knockout-path World Cups,1
1982,Hungary,HUN,group stage,0,,1974;1978,Fjelstul qualified_teams.csv; prior two knockout-path World Cups,1
1982,Italy,ITA,final,0,,1974;1978,Fjelstul qualified_teams.csv; prior two knockout-path World Cups,1
1982,Kuwait,KWT,group stage,0,,1974;1978,Fjelstul qualified_teams.csv; prior two knockout-path World Cups,1
1982,New Zealand,NZL,group stage,0,,1974;1978,Fjelstul qualified_teams.csv; prior two knockout-path World Cups,1
1982,Northern Ireland,NIR,second group stage,0,,1974;1978,Fjelstul qualified_teams.csv; prior two knockout-path World Cups,1
1982,Peru,PER,group stage,0,,1974;1978,Fjelstul qualified_teams.csv; prior two knockout-path World Cups,1
1982,Poland,POL,third-place match,0,,1974;1978,Fjelstul qualified_teams.csv; prior two knockout-path World Cups,1
1982,Scotland,SCO,group stage,0,,1974;1978,Fjelstul qualified_teams.csv; prior two knockout-path World Cups,1
1982,Soviet Union,SUN,second group stage,0,,1974;1978,Fjelstul qualified_teams.csv; prior two knockout-path World Cups,1
1982,Spain,ESP,second group stage,0,,1974;1978,Fjelstul qualified_teams.csv; prior two knockout-path World Cups,1
1982,Germany,DEU,final,1,1974,1974;1978,Fjelstul qualified_teams.csv; prior two knockout-path World Cups,1
1982,Yugoslavia,YUG,group stage,0,,1974;1978,Fjelstul qualified_teams.csv; prior two knockout-path World Cups,1
1986,Algeria,DZA,group stage,0,,1978;1982,Fjelstul qualified_teams.csv; prior two knockout-path World Cups,1
1986,Argentina,ARG,final,1,1978,1978;1982,Fjelstul qualified_teams.csv; prior two knockout-path World Cups,1
1986,Belgium,BEL,third-place match,0,,1978;1982,Fjelstul qualified_teams.csv; prior two knockout-path World Cups,1
1986,Brazil,BRA,quarter-finals,0,,1978;1982,Fjelstul qualified_teams.csv; prior two knockout-path World Cups,1
1986,Bulgaria,BGR,round of 16,0,,1978;1982,Fjelstul qualified_teams.csv; prior two knockout-path World Cups,1
1986,Canada,CAN,group stage,0,,1978;1982,Fjelstul qualified_teams.csv; prior two knockout-path World Cups,1
1986,Denmark,DNK,round of 16,0,,1978;1982,Fjelstul qualified_teams.csv; prior two knockout-path World Cups,1
1986,England,ENG,quarter-finals,0,,1978;1982,Fjelstul qualified_teams.csv; prior two knockout-path World Cups,1
1986,France,FRA,third-place match,1,1982,1978;1982,Fjelstul qualified_teams.csv; prior two knockout-path World Cups,1
1986,Hungary,HUN,group stage,0,,1978;1982,Fjelstul qualified_teams.csv; prior two knockout-path World Cups,1
1986,Iraq,IRQ,group stage,0,,1978;1982,Fjelstul qualified_teams.csv; prior two knockout-path World Cups,1
1986,Italy,ITA,round of 16,1,1982,1978;1982,Fjelstul qualified_teams.csv; prior two knockout-path World Cups,1
1986,Mexico,MEX,quarter-finals,0,,1978;1982,Fjelstul qualified_teams.csv; prior two knockout-path World Cups,1
1986,Morocco,MAR,round of 16,0,,1978;1982,Fjelstul qualified_teams.csv; prior two knockout-path World Cups,1
1986,Northern Ireland,NIR,group stage,0,,1978;1982,Fjelstul qualified_teams.csv; prior two knockout-path World Cups,1
1986,Paraguay,PRY,round of 16,0,,1978;1982,Fjelstul qualified_teams.csv; prior two knockout-path World Cups,1
1986,Poland,POL,round of 16,1,1982,1978;1982,Fjelstul qualified_teams.csv; prior two knockout-path World Cups,1
1986,Portugal,PRT,group stage,0,,1978;1982,Fjelstul qualified_teams.csv; prior two knockout-path World Cups,1
1986,Scotland,SCO,group stage,0,,1978;1982,Fjelstul qualified_teams.csv; prior two knockout-path World Cups,1
1986,South Korea,KOR,group stage,0,,1978;1982,Fjelstul qualified_teams.csv; prior two knockout-path World Cups,1
1986,Soviet Union,SUN,round of 16,0,,1978;1982,Fjelstul qualified_teams.csv; prior two knockout-path World Cups,1
1986,Spain,ESP,quarter-finals,0,,1978;1982,Fjelstul qualified_teams.csv; prior two knockout-path World Cups,1
1986,Uruguay,URY,round of 16,0,,1978;1982,Fjelstul qualified_teams.csv; prior two knockout-path World Cups,1
1986,Germany,DEU,final,1,1982,1978;1982,Fjelstul qualified_teams.csv; prior two knockout-path World Cups,1
1990,Argentina,ARG,final,1,1986,1982;1986,Fjelstul qualified_teams.csv; prior two knockout-path World Cups,1
1990,Austria,AUT,group stage,0,,1982;1986,Fjelstul qualified_teams.csv; prior two knockout-path World Cups,1
1990,Belgium,BEL,round of 16,1,1986,1982;1986,Fjelstul qualified_teams.csv; prior two knockout-path World Cups,1
1990,Brazil,BRA,round of 16,0,,1982;1986,Fjelstul qualified_teams.csv; prior two knockout-path World Cups,1
1990,Cameroon,CMR,quarter-finals,0,,1982;1986,Fjelstul qualified_teams.csv; prior two knockout-path World Cups,1
1990,Colombia,COL,round of 16,0,,1982;1986,Fjelstul qualified_teams.csv; prior two knockout-path World Cups,1
1990,Costa Rica,CRI,round of 16,0,,1982;1986,Fjelstul qualified_teams.csv; prior two knockout-path World Cups,1
1990,Czechoslovakia,CSK,quarter-finals,0,,1982;1986,Fjelstul qualified_teams.csv; prior two knockout-path World Cups,1
1990,Egypt,EGY,group stage,0,,1982;1986,Fjelstul qualified_teams.csv; prior two knockout-path World Cups,1
1990,England,ENG,third-place match,1,1986,1982;1986,Fjelstul qualified_teams.csv; prior two knockout-path World Cups,1
1990,Italy,ITA,third-place match,1,1982,1982;1986,Fjelstul qualified_teams.csv; prior two knockout-path World Cups,1
1990,Netherlands,NLD,round of 16,0,,1982;1986,Fjelstul qualified_teams.csv; prior two knockout-path World Cups,1
1990,Republic of Ireland,IRL,quarter-finals,0,,1982;1986,Fjelstul qualified_teams.csv; prior two knockout-path World Cups,1
1990,Romania,ROU,round of 16,0,,1982;1986,Fjelstul qualified_teams.csv; prior two knockout-path World Cups,1
1990,Scotland,SCO,group stage,0,,1982;1986,Fjelstul qualified_teams.csv; prior two knockout-path World Cups,1
1990,South Korea,KOR,group stage,0,,1982;1986,Fjelstul qualified_teams.csv; prior two knockout-path World Cups,1
1990,Soviet Union,SUN,group stage,0,,1982;1986,Fjelstul qualified_teams.csv; prior two knockout-path World Cups,1
1990,Spain,ESP,round of 16,0,,1982;1986,Fjelstul qualified_teams.csv; prior two knockout-path World Cups,1
1990,Sweden,SWE,group stage,0,,1982;1986,Fjelstul qualified_teams.csv; prior two knockout-path World Cups,1
1990,United Arab Emirates,ARE,group stage,0,,1982;1986,Fjelstul qualified_teams.csv; prior two knockout-path World Cups,1
1990,USA,USA,group stage,0,,1982;1986,Fjelstul qualified_teams.csv; prior two knockout-path World Cups,1
1990,Uruguay,URY,round of 16,1,1986,1982;1986,Fjelstul qualified_teams.csv; prior two knockout-path World Cups,1
1990,Germany,DEU,final,1,1982;1986,1982;1986,Fjelstul qualified_teams.csv; prior two knockout-path World Cups,1
1990,Yugoslavia,YUG,quarter-finals,0,,1982;1986,Fjelstul qualified_teams.csv; prior two knockout-path World Cups,1
1994,Argentina,ARG,round of 16,1,1986;1990,1986;1990,Fjelstul qualified_teams.csv; prior two knockout-path World Cups,1
1994,Belgium,BEL,round of 16,1,1986,1986;1990,Fjelstul qualified_teams.csv; prior two knockout-path World Cups,1
1994,Bolivia,BOL,group stage,0,,1986;1990,Fjelstul qualified_teams.csv; prior two knockout-path World Cups,1
1994,Brazil,BRA,final,1,1990,1986;1990,Fjelstul qualified_teams.csv; prior two knockout-path World Cups,1
1994,Bulgaria,BGR,third-place match,0,,1986;1990,Fjelstul qualified_teams.csv; prior two knockout-path World Cups,1
1994,Cameroon,CMR,group stage,0,,1986;1990,Fjelstul qualified_teams.csv; prior two knockout-path World Cups,1
1994,Colombia,COL,group stage,0,,1986;1990,Fjelstul qualified_teams.csv; prior two knockout-path World Cups,1
1994,Germany,DEU,quarter-finals,1,1986;1990,1986;1990,Fjelstul qualified_teams.csv; prior two knockout-path World Cups,1
1994,Greece,GRC,group stage,0,,1986;1990,Fjelstul qualified_teams.csv; prior two knockout-path World Cups,1
1994,Italy,ITA,final,1,1990,1986;1990,Fjelstul qualified_teams.csv; prior two knockout-path World Cups,1
1994,Mexico,MEX,round of 16,1,1986,1986;1990,Fjelstul qualified_teams.csv; prior two knockout-path World Cups,1
1994,Morocco,MAR,group stage,1,1986,1986;1990,Fjelstul qualified_teams.csv; prior two knockout-path World Cups,1
1994,Netherlands,NLD,quarter-finals,1,1990,1986;1990,Fjelstul qualified_teams.csv; prior two knockout-path World Cups,1
1994,Nigeria,NGA,round of 16,0,,1986;1990,Fjelstul qualified_teams.csv; prior two knockout-path World Cups,1
1994,Norway,NOR,group stage,0,,1986;1990,Fjelstul qualified_teams.csv; prior two knockout-path World Cups,1
1994,Republic of Ireland,IRL,round of 16,0,,1986;1990,Fjelstul qualified_teams.csv; prior two knockout-path World Cups,1
1994,Romania,ROU,quarter-finals,0,,1986;1990,Fjelstul qualified_teams.csv; prior two knockout-path World Cups,1
1994,Russia,RUS,group stage,0,,1986;1990,Fjelstul qualified_teams.csv; prior two knockout-path World Cups,1
1994,Saudi Arabia,SAU,round of 16,0,,1986;1990,Fjelstul qualified_teams.csv; prior two knockout-path World Cups,1
1994,South Korea,KOR,group stage,0,,1986;1990,Fjelstul qualified_teams.csv; prior two knockout-path World Cups,1
1994,Spain,ESP,quarter-finals,0,,1986;1990,Fjelstul qualified_teams.csv; prior two knockout-path World Cups,1
1994,Sweden,SWE,third-place match,0,,1986;1990,Fjelstul qualified_teams.csv; prior two knockout-path World Cups,1
1994,Switzerland,CHE,round of 16,0,,1986;1990,Fjelstul qualified_teams.csv; prior two knockout-path World Cups,1
1994,USA,USA,round of 16,0,,1986;1990,Fjelstul qualified_teams.csv; prior two knockout-path World Cups,1
1998,Argentina,ARG,quarter-finals,1,1990,1990;1994,Fjelstul qualified_teams.csv; prior two knockout-path World Cups,1
1998,Austria,AUT,group stage,0,,1990;1994,Fjelstul qualified_teams.csv; prior two knockout-path World Cups,1
1998,Belgium,BEL,group stage,0,,1990;1994,Fjelstul qualified_teams.csv; prior two knockout-path World Cups,1
1998,Brazil,BRA,final,1,1990;1994,1990;1994,Fjelstul qualified_teams.csv; prior two knockout-path World Cups,1
1998,Bulgaria,BGR,group stage,1,1994,1990;1994,Fjelstul qualified_teams.csv; prior two knockout-path World Cups,1
1998,Cameroon,CMR,group stage,0,,1990;1994,Fjelstul qualified_teams.csv; prior two knockout-path World Cups,1
1998,Chile,CHL,round of 16,0,,1990;1994,Fjelstul qualified_teams.csv; prior two knockout-path World Cups,1
1998,Colombia,COL,group stage,0,,1990;1994,Fjelstul qualified_teams.csv; prior two knockout-path World Cups,1
1998,Croatia,HRV,third-place match,0,,1990;1994,Fjelstul qualified_teams.csv; prior two knockout-path World Cups,1
1998,Denmark,DNK,quarter-finals,0,,1990;1994,Fjelstul qualified_teams.csv; prior two knockout-path World Cups,1
1998,England,ENG,round of 16,1,1990,1990;1994,Fjelstul qualified_teams.csv; prior two knockout-path World Cups,1
1998,France,FRA,final,0,,1990;1994,Fjelstul qualified_teams.csv; prior two knockout-path World Cups,1
1998,Germany,DEU,quarter-finals,1,1990,1990;1994,Fjelstul qualified_teams.csv; prior two knockout-path World Cups,1
1998,Iran,IRN,group stage,0,,1990;1994,Fjelstul qualified_teams.csv; prior two knockout-path World Cups,1
1998,Italy,ITA,quarter-finals,1,1990;1994,1990;1994,Fjelstul qualified_teams.csv; prior two knockout-path World Cups,1
1998,Jamaica,JAM,group stage,0,,1990;1994,Fjelstul qualified_teams.csv; prior two knockout-path World Cups,1
1998,Japan,JPN,group stage,0,,1990;1994,Fjelstul qualified_teams.csv; prior two knockout-path World Cups,1
1998,Mexico,MEX,round of 16,0,,1990;1994,Fjelstul qualified_teams.csv; prior two knockout-path World Cups,1
1998,Morocco,MAR,group stage,0,,1990;1994,Fjelstul qualified_teams.csv; prior two knockout-path World Cups,1
1998,Netherlands,NLD,third-place match,1,1990;1994,1990;1994,Fjelstul qualified_teams.csv; prior two knockout-path World Cups,1
1998,Nigeria,NGA,round of 16,1,1994,1990;1994,Fjelstul qualified_teams.csv; prior two knockout-path World Cups,1
1998,Norway,NOR,round of 16,0,,1990;1994,Fjelstul qualified_teams.csv; prior two knockout-path World Cups,1
1998,Paraguay,PRY,round of 16,0,,1990;1994,Fjelstul qualified_teams.csv; prior two knockout-path World Cups,1
1998,Romania,ROU,round of 16,0,,1990;1994,Fjelstul qualified_teams.csv; prior two knockout-path World Cups,1
1998,Saudi Arabia,SAU,group stage,0,,1990;1994,Fjelstul qualified_teams.csv; prior two knockout-path World Cups,1
1998,Scotland,SCO,group stage,0,,1990;1994,Fjelstul qualified_teams.csv; prior two knockout-path World Cups,1
1998,South Africa,ZAF,group stage,0,,1990;1994,Fjelstul qualified_teams.csv; prior two knockout-path World Cups,1
1998,South Korea,KOR,group stage,0,,1990;1994,Fjelstul qualified_teams.csv; prior two knockout-path World Cups,1
1998,Spain,ESP,group stage,1,1994,1990;1994,Fjelstul qualified_teams.csv; prior two knockout-path World Cups,1
1998,Tunisia,TUN,group stage,0,,1990;1994,Fjelstul qualified_teams.csv; prior two knockout-path World Cups,1
1998,USA,USA,group stage,1,1994,1990;1994,Fjelstul qualified_teams.csv; prior two knockout-path World Cups,1
1998,Yugoslavia,YUG,round of 16,1,1990,1990;1994,Fjelstul qualified_teams.csv; prior two knockout-path World Cups,1
2002,Argentina,ARG,group stage,0,,1994;1998,Fjelstul qualified_teams.csv; prior two knockout-path World Cups,1
2002,Belgium,BEL,round of 16,0,,1994;1998,Fjelstul qualified_teams.csv; prior two knockout-path World Cups,1
2002,Brazil,BRA,final,1,1994;1998,1994;1998,Fjelstul qualified_teams.csv; prior two knockout-path World Cups,1
2002,Cameroon,CMR,group stage,0,,1994;1998,Fjelstul qualified_teams.csv; prior two knockout-path World Cups,1
2002,China,CHN,group stage,0,,1994;1998,Fjelstul qualified_teams.csv; prior two knockout-path World Cups,1
2002,Costa Rica,CRI,group stage,0,,1994;1998,Fjelstul qualified_teams.csv; prior two knockout-path World Cups,1
2002,Croatia,HRV,group stage,1,1998,1994;1998,Fjelstul qualified_teams.csv; prior two knockout-path World Cups,1
2002,Denmark,DNK,round of 16,1,1998,1994;1998,Fjelstul qualified_teams.csv; prior two knockout-path World Cups,1
2002,Ecuador,ECU,group stage,0,,1994;1998,Fjelstul qualified_teams.csv; prior two knockout-path World Cups,1
2002,England,ENG,quarter-finals,0,,1994;1998,Fjelstul qualified_teams.csv; prior two knockout-path World Cups,1
2002,France,FRA,group stage,1,1998,1994;1998,Fjelstul qualified_teams.csv; prior two knockout-path World Cups,1
2002,Germany,DEU,final,0,,1994;1998,Fjelstul qualified_teams.csv; prior two knockout-path World Cups,1
2002,Italy,ITA,round of 16,1,1994;1998,1994;1998,Fjelstul qualified_teams.csv; prior two knockout-path World Cups,1
2002,Japan,JPN,round of 16,0,,1994;1998,Fjelstul qualified_teams.csv; prior two knockout-path World Cups,1
2002,Mexico,MEX,round of 16,0,,1994;1998,Fjelstul qualified_teams.csv; prior two knockout-path World Cups,1
2002,Nigeria,NGA,group stage,1,1994,1994;1998,Fjelstul qualified_teams.csv; prior two knockout-path World Cups,1
2002,Paraguay,PRY,round of 16,1,1998,1994;1998,Fjelstul qualified_teams.csv; prior two knockout-path World Cups,1
2002,Poland,POL,group stage,0,,1994;1998,Fjelstul qualified_teams.csv; prior two knockout-path World Cups,1
2002,Portugal,PRT,group stage,0,,1994;1998,Fjelstul qualified_teams.csv; prior two knockout-path World Cups,1
2002,Republic of Ireland,IRL,round of 16,0,,1994;1998,Fjelstul qualified_teams.csv; prior two knockout-path World Cups,1
2002,Russia,RUS,group stage,0,,1994;1998,Fjelstul qualified_teams.csv; prior two knockout-path World Cups,1
2002,Saudi Arabia,SAU,group stage,0,,1994;1998,Fjelstul qualified_teams.csv; prior two knockout-path World Cups,1
2002,Senegal,SEN,quarter-finals,0,,1994;1998,Fjelstul qualified_teams.csv; prior two knockout-path World Cups,1
2002,Slovenia,SVN,group stage,0,,1994;1998,Fjelstul qualified_teams.csv; prior two knockout-path World Cups,1
2002,South Africa,ZAF,group stage,0,,1994;1998,Fjelstul qualified_teams.csv; prior two knockout-path World Cups,1
2002,South Korea,KOR,third-place match,0,,1994;1998,Fjelstul qualified_teams.csv; prior two knockout-path World Cups,1
2002,Spain,ESP,quarter-finals,1,1994,1994;1998,Fjelstul qualified_teams.csv; prior two knockout-path World Cups,1
2002,Sweden,SWE,round of 16,1,1994,1994;1998,Fjelstul qualified_teams.csv; prior two knockout-path World Cups,1
2002,Tunisia,TUN,group stage,0,,1994;1998,Fjelstul qualified_teams.csv; prior two knockout-path World Cups,1
2002,Turkey,TUR,third-place match,0,,1994;1998,Fjelstul qualified_teams.csv; prior two knockout-path World Cups,1
2002,USA,USA,quarter-finals,1,1994,1994;1998,Fjelstul qualified_teams.csv; prior two knockout-path World Cups,1
2002,Uruguay,URY,group stage,0,,1994;1998,Fjelstul qualified_teams.csv; prior two knockout-path World Cups,1
2006,Angola,AGO,group stage,0,,1998;2002,Fjelstul qualified_teams.csv; prior two knockout-path World Cups,1
2006,Argentina,ARG,quarter-finals,0,,1998;2002,Fjelstul qualified_teams.csv; prior two knockout-path World Cups,1
2006,Australia,AUS,round of 16,0,,1998;2002,Fjelstul qualified_teams.csv; prior two knockout-path World Cups,1
2006,Brazil,BRA,quarter-finals,1,1998;2002,1998;2002,Fjelstul qualified_teams.csv; prior two knockout-path World Cups,1
2006,Costa Rica,CRI,group stage,0,,1998;2002,Fjelstul qualified_teams.csv; prior two knockout-path World Cups,1
2006,Croatia,HRV,group stage,1,1998,1998;2002,Fjelstul qualified_teams.csv; prior two knockout-path World Cups,1
2006,Czech Republic,CZE,group stage,0,,1998;2002,Fjelstul qualified_teams.csv; prior two knockout-path World Cups,1
2006,Ecuador,ECU,round of 16,0,,1998;2002,Fjelstul qualified_teams.csv; prior two knockout-path World Cups,1
2006,England,ENG,quarter-finals,1,2002,1998;2002,Fjelstul qualified_teams.csv; prior two knockout-path World Cups,1
2006,France,FRA,final,1,1998,1998;2002,Fjelstul qualified_teams.csv; prior two knockout-path World Cups,1
2006,Germany,DEU,third-place match,1,2002,1998;2002,Fjelstul qualified_teams.csv; prior two knockout-path World Cups,1
2006,Ghana,GHA,round of 16,0,,1998;2002,Fjelstul qualified_teams.csv; prior two knockout-path World Cups,1
2006,Iran,IRN,group stage,0,,1998;2002,Fjelstul qualified_teams.csv; prior two knockout-path World Cups,1
2006,Italy,ITA,final,1,1998,1998;2002,Fjelstul qualified_teams.csv; prior two knockout-path World Cups,1
2006,Ivory Coast,CIV,group stage,0,,1998;2002,Fjelstul qualified_teams.csv; prior two knockout-path World Cups,1
2006,Japan,JPN,group stage,0,,1998;2002,Fjelstul qualified_teams.csv; prior two knockout-path World Cups,1
2006,Mexico,MEX,round of 16,0,,1998;2002,Fjelstul qualified_teams.csv; prior two knockout-path World Cups,1
2006,Netherlands,NLD,round of 16,1,1998,1998;2002,Fjelstul qualified_teams.csv; prior two knockout-path World Cups,1
2006,Paraguay,PRY,group stage,1,1998;2002,1998;2002,Fjelstul qualified_teams.csv; prior two knockout-path World Cups,1
2006,Poland,POL,group stage,0,,1998;2002,Fjelstul qualified_teams.csv; prior two knockout-path World Cups,1
2006,Portugal,PRT,third-place match,0,,1998;2002,Fjelstul qualified_teams.csv; prior two knockout-path World Cups,1
2006,Saudi Arabia,SAU,group stage,0,,1998;2002,Fjelstul qualified_teams.csv; prior two knockout-path World Cups,1
2006,Serbia and Montenegro,SCG,group stage,0,,1998;2002,Fjelstul qualified_teams.csv; prior two knockout-path World Cups,1
2006,South Korea,KOR,group stage,1,2002,1998;2002,Fjelstul qualified_teams.csv; prior two knockout-path World Cups,1
2006,Spain,ESP,round of 16,0,,1998;2002,Fjelstul qualified_teams.csv; prior two knockout-path World Cups,1
2006,Sweden,SWE,round of 16,0,,1998;2002,Fjelstul qualified_teams.csv; prior two knockout-path World Cups,1
2006,Switzerland,CHE,round of 16,0,,1998;2002,Fjelstul qualified_teams.csv; prior two knockout-path World Cups,1
2006,Togo,TGO,group stage,0,,1998;2002,Fjelstul qualified_teams.csv; prior two knockout-path World Cups,1
2006,Trinidad and Tobago,TTO,group stage,0,,1998;2002,Fjelstul qualified_teams.csv; prior two knockout-path World Cups,1
2006,Tunisia,TUN,group stage,0,,1998;2002,Fjelstul qualified_teams.csv; prior two knockout-path World Cups,1
2006,Ukraine,UKR,quarter-finals,0,,1998;2002,Fjelstul qualified_teams.csv; prior two knockout-path World Cups,1
2006,USA,USA,group stage,1,2002,1998;2002,Fjelstul qualified_teams.csv; prior two knockout-path World Cups,1
2010,Algeria,DZA,group stage,0,,2002;2006,Fjelstul qualified_teams.csv; prior two knockout-path World Cups,1
2010,Argentina,ARG,quarter-finals,0,,2002;2006,Fjelstul qualified_teams.csv; prior two knockout-path World Cups,1
2010,Australia,AUS,group stage,1,2006,2002;2006,Fjelstul qualified_teams.csv; prior two knockout-path World Cups,1
2010,Brazil,BRA,quarter-finals,1,2002;2006,2002;2006,Fjelstul qualified_teams.csv; prior two knockout-path World Cups,1
2010,Cameroon,CMR,group stage,0,,2002;2006,Fjelstul qualified_teams.csv; prior two knockout-path World Cups,1
2010,Chile,CHL,round of 16,0,,2002;2006,Fjelstul qualified_teams.csv; prior two knockout-path World Cups,1
2010,Denmark,DNK,group stage,0,,2002;2006,Fjelstul qualified_teams.csv; prior two knockout-path World Cups,1
2010,England,ENG,round of 16,1,2002,2002;2006,Fjelstul qualified_teams.csv; prior two knockout-path World Cups,1
2010,France,FRA,group stage,1,2006,2002;2006,Fjelstul qualified_teams.csv; prior two knockout-path World Cups,1
2010,Germany,DEU,third-place match,1,2002;2006,2002;2006,Fjelstul qualified_teams.csv; prior two knockout-path World Cups,1
2010,Ghana,GHA,quarter-finals,0,,2002;2006,Fjelstul qualified_teams.csv; prior two knockout-path World Cups,1
2010,Greece,GRC,group stage,0,,2002;2006,Fjelstul qualified_teams.csv; prior two knockout-path World Cups,1
2010,Honduras,HND,group stage,0,,2002;2006,Fjelstul qualified_teams.csv; prior two knockout-path World Cups,1
2010,Italy,ITA,group stage,1,2006,2002;2006,Fjelstul qualified_teams.csv; prior two knockout-path World Cups,1
2010,Ivory Coast,CIV,group stage,0,,2002;2006,Fjelstul qualified_teams.csv; prior two knockout-path World Cups,1
2010,Japan,JPN,round of 16,0,,2002;2006,Fjelstul qualified_teams.csv; prior two knockout-path World Cups,1
2010,Mexico,MEX,round of 16,0,,2002;2006,Fjelstul qualified_teams.csv; prior two knockout-path World Cups,1
2010,Netherlands,NLD,final,0,,2002;2006,Fjelstul qualified_teams.csv; prior two knockout-path World Cups,1
2010,New Zealand,NZL,group stage,0,,2002;2006,Fjelstul qualified_teams.csv; prior two knockout-path World Cups,1
2010,Nigeria,NGA,group stage,0,,2002;2006,Fjelstul qualified_teams.csv; prior two knockout-path World Cups,1
2010,North Korea,PRK,group stage,0,,2002;2006,Fjelstul qualified_teams.csv; prior two knockout-path World Cups,1
2010,Paraguay,PRY,quarter-finals,1,2002,2002;2006,Fjelstul qualified_teams.csv; prior two knockout-path World Cups,1
2010,Portugal,PRT,round of 16,1,2006,2002;2006,Fjelstul qualified_teams.csv; prior two knockout-path World Cups,1
2010,Serbia,SRB,group stage,0,,2002;2006,Fjelstul qualified_teams.csv; prior two knockout-path World Cups,1
2010,Slovakia,SVK,round of 16,0,,2002;2006,Fjelstul qualified_teams.csv; prior two knockout-path World Cups,1
2010,Slovenia,SVN,group stage,0,,2002;2006,Fjelstul qualified_teams.csv; prior two knockout-path World Cups,1
2010,South Africa,ZAF,group stage,0,,2002;2006,Fjelstul qualified_teams.csv; prior two knockout-path World Cups,1
2010,South Korea,KOR,round of 16,1,2002,2002;2006,Fjelstul qualified_teams.csv; prior two knockout-path World Cups,1
2010,Spain,ESP,final,1,2006,2002;2006,Fjelstul qualified_teams.csv; prior two knockout-path World Cups,1
2010,Switzerland,CHE,group stage,0,,2002;2006,Fjelstul qualified_teams.csv; prior two knockout-path World Cups,1
2010,USA,USA,round of 16,1,2002,2002;2006,Fjelstul qualified_teams.csv; prior two knockout-path World Cups,1
2010,Uruguay,URY,third-place match,0,,2002;2006,Fjelstul qualified_teams.csv; prior two knockout-path World Cups,1
2014,Algeria,DZA,round of 16,0,,2006;2010,Fjelstul qualified_teams.csv; prior two knockout-path World Cups,1
2014,Argentina,ARG,final,0,,2006;2010,Fjelstul qualified_teams.csv; prior two knockout-path World Cups,1
2014,Australia,AUS,group stage,1,2006,2006;2010,Fjelstul qualified_teams.csv; prior two knockout-path World Cups,1
2014,Belgium,BEL,quarter-finals,0,,2006;2010,Fjelstul qualified_teams.csv; prior two knockout-path World Cups,1
2014,Bosnia and Herzegovina,BIH,group stage,0,,2006;2010,Fjelstul qualified_teams.csv; prior two knockout-path World Cups,1
2014,Brazil,BRA,third-place match,1,2006;2010,2006;2010,Fjelstul qualified_teams.csv; prior two knockout-path World Cups,1
2014,Cameroon,CMR,group stage,0,,2006;2010,Fjelstul qualified_teams.csv; prior two knockout-path World Cups,1
2014,Chile,CHL,round of 16,0,,2006;2010,Fjelstul qualified_teams.csv; prior two knockout-path World Cups,1
2014,Colombia,COL,quarter-finals,0,,2006;2010,Fjelstul qualified_teams.csv; prior two knockout-path World Cups,1
2014,Costa Rica,CRI,quarter-finals,0,,2006;2010,Fjelstul qualified_teams.csv; prior two knockout-path World Cups,1
2014,Croatia,HRV,group stage,0,,2006;2010,Fjelstul qualified_teams.csv; prior two knockout-path World Cups,1
2014,Ecuador,ECU,group stage,0,,2006;2010,Fjelstul qualified_teams.csv; prior two knockout-path World Cups,1
2014,England,ENG,group stage,0,,2006;2010,Fjelstul qualified_teams.csv; prior two knockout-path World Cups,1
2014,France,FRA,quarter-finals,1,2006,2006;2010,Fjelstul qualified_teams.csv; prior two knockout-path World Cups,1
2014,Germany,DEU,final,1,2006;2010,2006;2010,Fjelstul qualified_teams.csv; prior two knockout-path World Cups,1
2014,Ghana,GHA,group stage,0,,2006;2010,Fjelstul qualified_teams.csv; prior two knockout-path World Cups,1
2014,Greece,GRC,round of 16,0,,2006;2010,Fjelstul qualified_teams.csv; prior two knockout-path World Cups,1
2014,Honduras,HND,group stage,0,,2006;2010,Fjelstul qualified_teams.csv; prior two knockout-path World Cups,1
2014,Iran,IRN,group stage,0,,2006;2010,Fjelstul qualified_teams.csv; prior two knockout-path World Cups,1
2014,Italy,ITA,group stage,1,2006,2006;2010,Fjelstul qualified_teams.csv; prior two knockout-path World Cups,1
2014,Ivory Coast,CIV,group stage,0,,2006;2010,Fjelstul qualified_teams.csv; prior two knockout-path World Cups,1
2014,Japan,JPN,group stage,0,,2006;2010,Fjelstul qualified_teams.csv; prior two knockout-path World Cups,1
2014,Mexico,MEX,round of 16,0,,2006;2010,Fjelstul qualified_teams.csv; prior two knockout-path World Cups,1
2014,Netherlands,NLD,third-place match,1,2010,2006;2010,Fjelstul qualified_teams.csv; prior two knockout-path World Cups,1
2014,Nigeria,NGA,round of 16,0,,2006;2010,Fjelstul qualified_teams.csv; prior two knockout-path World Cups,1
2014,Portugal,PRT,group stage,1,2006;2010,2006;2010,Fjelstul qualified_teams.csv; prior two knockout-path World Cups,1
2014,Russia,RUS,group stage,0,,2006;2010,Fjelstul qualified_teams.csv; prior two knockout-path World Cups,1
2014,South Korea,KOR,group stage,0,,2006;2010,Fjelstul qualified_teams.csv; prior two knockout-path World Cups,1
2014,Spain,ESP,group stage,1,2006;2010,2006;2010,Fjelstul qualified_teams.csv; prior two knockout-path World Cups,1
2014,Switzerland,CHE,round of 16,0,,2006;2010,Fjelstul qualified_teams.csv; prior two knockout-path World Cups,1
2014,USA,USA,round of 16,0,,2006;2010,Fjelstul qualified_teams.csv; prior two knockout-path World Cups,1
2014,Uruguay,URY,round of 16,1,2010,2006;2010,Fjelstul qualified_teams.csv; prior two knockout-path World Cups,1
2018,Argentina,ARG,round of 16,1,2014,2010;2014,Fjelstul qualified_teams.csv; prior two knockout-path World Cups,1
2018,Australia,AUS,group stage,0,,2010;2014,Fjelstul qualified_teams.csv; prior two knockout-path World Cups,1
2018,Belgium,BEL,third-place match,1,2014,2010;2014,Fjelstul qualified_teams.csv; prior two knockout-path World Cups,1
2018,Brazil,BRA,quarter-finals,1,2010;2014,2010;2014,Fjelstul qualified_teams.csv; prior two knockout-path World Cups,1
2018,Colombia,COL,round of 16,0,,2010;2014,Fjelstul qualified_teams.csv; prior two knockout-path World Cups,1
2018,Costa Rica,CRI,group stage,0,,2010;2014,Fjelstul qualified_teams.csv; prior two knockout-path World Cups,1
2018,Croatia,HRV,final,0,,2010;2014,Fjelstul qualified_teams.csv; prior two knockout-path World Cups,1
2018,Denmark,DNK,round of 16,0,,2010;2014,Fjelstul qualified_teams.csv; prior two knockout-path World Cups,1
2018,Egypt,EGY,group stage,0,,2010;2014,Fjelstul qualified_teams.csv; prior two knockout-path World Cups,1
2018,England,ENG,third-place match,0,,2010;2014,Fjelstul qualified_teams.csv; prior two knockout-path World Cups,1
2018,France,FRA,final,1,2014,2010;2014,Fjelstul qualified_teams.csv; prior two knockout-path World Cups,1
2018,Germany,DEU,group stage,1,2010;2014,2010;2014,Fjelstul qualified_teams.csv; prior two knockout-path World Cups,1
2018,Iceland,ISL,group stage,0,,2010;2014,Fjelstul qualified_teams.csv; prior two knockout-path World Cups,1
2018,Iran,IRN,group stage,0,,2010;2014,Fjelstul qualified_teams.csv; prior two knockout-path World Cups,1
2018,Japan,JPN,round of 16,0,,2010;2014,Fjelstul qualified_teams.csv; prior two knockout-path World Cups,1
2018,Mexico,MEX,round of 16,0,,2010;2014,Fjelstul qualified_teams.csv; prior two knockout-path World Cups,1
2018,Morocco,MAR,group stage,0,,2010;2014,Fjelstul qualified_teams.csv; prior two knockout-path World Cups,1
2018,Nigeria,NGA,group stage,0,,2010;2014,Fjelstul qualified_teams.csv; prior two knockout-path World Cups,1
2018,Panama,PAN,group stage,0,,2010;2014,Fjelstul qualified_teams.csv; prior two knockout-path World Cups,1
2018,Peru,PER,group stage,0,,2010;2014,Fjelstul qualified_teams.csv; prior two knockout-path World Cups,1
2018,Poland,POL,group stage,0,,2010;2014,Fjelstul qualified_teams.csv; prior two knockout-path World Cups,1
2018,Portugal,PRT,round of 16,1,2010,2010;2014,Fjelstul qualified_teams.csv; prior two knockout-path World Cups,1
2018,Russia,RUS,quarter-finals,0,,2010;2014,Fjelstul qualified_teams.csv; prior two knockout-path World Cups,1
2018,Saudi Arabia,SAU,group stage,0,,2010;2014,Fjelstul qualified_teams.csv; prior two knockout-path World Cups,1
2018,Senegal,SEN,group stage,0,,2010;2014,Fjelstul qualified_teams.csv; prior two knockout-path World Cups,1
2018,Serbia,SRB,group stage,0,,2010;2014,Fjelstul qualified_teams.csv; prior two knockout-path World Cups,1
2018,South Korea,KOR,group stage,0,,2010;2014,Fjelstul qualified_teams.csv; prior two knockout-path World Cups,1
2018,Spain,ESP,round of 16,1,2010,2010;2014,Fjelstul qualified_teams.csv; prior two knockout-path World Cups,1
2018,Sweden,SWE,quarter-finals,0,,2010;2014,Fjelstul qualified_teams.csv; prior two knockout-path World Cups,1
2018,Switzerland,CHE,round of 16,1,2014,2010;2014,Fjelstul qualified_teams.csv; prior two knockout-path World Cups,1
2018,Tunisia,TUN,group stage,0,,2010;2014,Fjelstul qualified_teams.csv; prior two knockout-path World Cups,1
2018,Uruguay,URY,quarter-finals,1,2010,2010;2014,Fjelstul qualified_teams.csv; prior two knockout-path World Cups,1
2022,Argentina,ARG,final,1,2014;2018,2014;2018,Fjelstul qualified_teams.csv; prior two knockout-path World Cups,1
2022,Australia,AUS,round of 16,0,,2014;2018,Fjelstul qualified_teams.csv; prior two knockout-path World Cups,1
2022,Belgium,BEL,group stage,1,2014;2018,2014;2018,Fjelstul qualified_teams.csv; prior two knockout-path World Cups,1
2022,Brazil,BRA,quarter-finals,1,2014,2014;2018,Fjelstul qualified_teams.csv; prior two knockout-path World Cups,1
2022,Cameroon,CMR,group stage,0,,2014;2018,Fjelstul qualified_teams.csv; prior two knockout-path World Cups,1
2022,Canada,CAN,group stage,0,,2014;2018,Fjelstul qualified_teams.csv; prior two knockout-path World Cups,1
2022,Costa Rica,CRI,group stage,0,,2014;2018,Fjelstul qualified_teams.csv; prior two knockout-path World Cups,1
2022,Croatia,HRV,third-place match,1,2018,2014;2018,Fjelstul qualified_teams.csv; prior two knockout-path World Cups,1
2022,Denmark,DNK,group stage,1,2018,2014;2018,Fjelstul qualified_teams.csv; prior two knockout-path World Cups,1
2022,Ecuador,ECU,group stage,0,,2014;2018,Fjelstul qualified_teams.csv; prior two knockout-path World Cups,1
2022,England,ENG,quarter-finals,1,2018,2014;2018,Fjelstul qualified_teams.csv; prior two knockout-path World Cups,1
2022,France,FRA,final,1,2014;2018,2014;2018,Fjelstul qualified_teams.csv; prior two knockout-path World Cups,1
2022,Germany,DEU,group stage,1,2014,2014;2018,Fjelstul qualified_teams.csv; prior two knockout-path World Cups,1
2022,Ghana,GHA,group stage,0,,2014;2018,Fjelstul qualified_teams.csv; prior two knockout-path World Cups,1
2022,Iran,IRN,group stage,0,,2014;2018,Fjelstul qualified_teams.csv; prior two knockout-path World Cups,1
2022,Japan,JPN,round of 16,0,,2014;2018,Fjelstul qualified_teams.csv; prior two knockout-path World Cups,1
2022,Mexico,MEX,group stage,0,,2014;2018,Fjelstul qualified_teams.csv; prior two knockout-path World Cups,1
2022,Morocco,MAR,third-place match,0,,2014;2018,Fjelstul qualified_teams.csv; prior two knockout-path World Cups,1
2022,Netherlands,NLD,quarter-finals,1,2014,2014;2018,Fjelstul qualified_teams.csv; prior two knockout-path World Cups,1
2022,Poland,POL,round of 16,0,,2014;2018,Fjelstul qualified_teams.csv; prior two knockout-path World Cups,1
2022,Portugal,PRT,quarter-finals,0,,2014;2018,Fjelstul qualified_teams.csv; prior two knockout-path World Cups,1
2022,Qatar,QAT,group stage,0,,2014;2018,Fjelstul qualified_teams.csv; prior two knockout-path World Cups,1
2022,Saudi Arabia,SAU,group stage,0,,2014;2018,Fjelstul qualified_teams.csv; prior two knockout-path World Cups,1
2022,Senegal,SEN,round of 16,0,,2014;2018,Fjelstul qualified_teams.csv; prior two knockout-path World Cups,1
2022,Serbia,SRB,group stage,0,,2014;2018,Fjelstul qualified_teams.csv; prior two knockout-path World Cups,1
2022,South Korea,KOR,round of 16,0,,2014;2018,Fjelstul qualified_teams.csv; prior two knockout-path World Cups,1
2022,Spain,ESP,round of 16,0,,2014;2018,Fjelstul qualified_teams.csv; prior two knockout-path World Cups,1
2022,Switzerland,CHE,round of 16,1,2014,2014;2018,Fjelstul qualified_teams.csv; prior two knockout-path World Cups,1
2022,Tunisia,TUN,group stage,0,,2014;2018,Fjelstul qualified_teams.csv; prior two knockout-path World Cups,1
2022,USA,USA,round of 16,0,,2014;2018,Fjelstul qualified_teams.csv; prior two knockout-path World Cups,1
2022,Uruguay,URY,group stage,1,2018,2014;2018,Fjelstul qualified_teams.csv; prior two knockout-path World Cups,1
2022,Wales,WAL,group stage,0,,2014;2018,Fjelstul qualified_teams.csv; prior two knockout-path World Cups,1
